<?xml version="1.0" encoding="UTF-8"?>
<project-private xmlns="http://www.netbeans.org/ns/project-private/1">
    <editor-bookmarks xmlns="http://www.netbeans.org/ns/editor-bookmarks/2" lastBookmarkId="0"/>
    <open-files xmlns="http://www.netbeans.org/ns/projectui-open-files/2">
        <group>
            <file>file:/C:/Users/user/Documents/NetBeansProjects/wari_ism/src/services/SystemService.java</file>
            <file>file:/C:/Users/user/Documents/NetBeansProjects/wari_ism/src/controllers/C_Caisier.java</file>
            <file>file:/C:/Users/user/Documents/NetBeansProjects/wari_ism/src/views/V_Dashboard.fxml</file>
            <file>file:/C:/Users/user/Documents/NetBeansProjects/wari_ism/src/wari_ism/Main.java</file>
            <file>file:/C:/Users/user/Documents/NetBeansProjects/wari_ism/src/controllers/C_Login.java</file>
            <file>file:/C:/Users/user/Documents/NetBeansProjects/wari_ism/src/views/ressources/style.css</file>
            <file>file:/C:/Users/user/Documents/NetBeansProjects/wari_ism/src/models/Profil.java</file>
            <file>file:/C:/Users/user/Documents/NetBeansProjects/wari_ism/src/controllers/C_Dashboard.java</file>
            <file>file:/C:/Users/user/Documents/NetBeansProjects/wari_ism/src/views/V_Caisier.fxml</file>
            <file>file:/C:/Users/user/Documents/NetBeansProjects/wari_ism/src/test/Main.java</file>
            <file>file:/C:/Users/user/Documents/NetBeansProjects/wari_ism/src/models/User.java</file>
            <file>file:/C:/Users/user/Documents/NetBeansProjects/wari_ism/src/views/V_Login.fxml</file>
        </group>
    </open-files>
</project-private>
